Model,MAE,RMSE,R2 Score
XGBoost,10.102964574378513,163.94394465485317,0.9715070101939306
LSTM,90.02491739222197,290.67087738800217,0.9290788895459015
